/wally_000.jpg,559,573
/wally_001.jpg,724,476
/wally_002.jpg,143,910
/wally_003.jpg,467,907
/wally_006.jpg,420,555
/wally_007.jpg,202,523
/wally_008.jpg,502,274
/wally_009.jpg,640,486
/wally_011.jpg,470,457
/wally_012.jpg,103,174
/wally_013.jpg,767,387
/wally_014.jpg,267,393
/wally_015.jpg,282,621
/wally_017.jpg,336,658
/wally_018.jpg,496,735
/wally_019.jpg,237,225
/wally_020.jpg,194,119
/wally_022.jpg,470,832
/wally_023.jpg,370,495
/wally_024.jpg,604,361
/wally_026.jpg,358,732
/wally_027.jpg,657,84
/wally_028.jpg,269,409
/wally_029.jpg,592,589
/wally_030.jpg,707,410
/wally_031.jpg,209,192
/wally_032.jpg,267,516
/wally_033.jpg,436,337
/wally_034.jpg,104,257
/wally_035.jpg,729,390
/wally_036.jpg,755,700
/wally_037.jpg,563,718
/wally_038.jpg,699,894
/wally_039.jpg,423,760
/wally_040.jpg,755,832
/wally_042.jpg,583,499
/wally_043.jpg,232,521
/wally_044.jpg,261,134
/wally_045.jpg,116,292
/wally_046.jpg,794,573
/wally_047.jpg,471,699
/wally_048.jpg,194,486
/wally_049.jpg,614,297
/wally_050.jpg,596,711
/wally_052.jpg,181,892
/wally_053.jpg,333,100
/wally_054.jpg,714,436
/wally_055.jpg,584,216
/wally_056.jpg,887,591
/wally_059.jpg,402,555
/wally_060.jpg,599,697
/wally_061.jpg,472,566
/wally_064.jpg,210,387
/wally_065.jpg,590,479
/wally_066.jpg,652,514
/wally_067.jpg,517,238
/wally_068.jpg,892,753
/wally_069.jpg,471,319
/wally_072.jpg,515,538
/wally_073.jpg,170,104
/wally_074.jpg,119,442
/wally_075.jpg,887,180
/wally_077.jpg,248,289
/wally_080.jpg,772,888
/wally_081.jpg,497,362
/wally_082.jpg,738,265
/wally_083.jpg,316,280
/wally_085.jpg,780,793
/wally_086.jpg,491,495
/wally_087.jpg,533,504
/wally_088.jpg,526,713
/wally_089.jpg,482,393
/wally_090.jpg,310,401
/wally_091.jpg,204,874
/wally_092.jpg,382,129
/wally_093.jpg,439,233
/wally_094.jpg,311,238
/wally_095.jpg,511,347
/wally_096.jpg,584,201
/wally_097.jpg,576,286
/wally_098.jpg,773,120
/wally_099.jpg,403,360
/wally_100.jpg,503,646
/wally_101.jpg,603,868
/wally_102.jpg,383,213
/wally_104.jpg,283,301
/wally_106.jpg,575,209
/wally_107.jpg,296,301
/wally_108.jpg,279,568
/wally_110.jpg,365,666
/wally_113.jpg,521,348
/wally_115.jpg,388,501
/wally_116.jpg,685,454
/wally_117.jpg,699,521
/wally_119.jpg,289,772
/wally_120.jpg,718,578
/wally_121.jpg,309,522
/wally_122.jpg,412,824
/wally_123.jpg,457,294
/wally_124.jpg,486,170
/wally_125.jpg,404,551
/wally_126.jpg,269,821
/wally_127.jpg,183,889
/wally_129.jpg,596,344
/wally_131.jpg,830,239
/wally_132.jpg,535,488
/wally_133.jpg,423,707
/wally_134.jpg,519,640
/wally_135.jpg,385,743
/wally_136.jpg,375,845
/wally_137.jpg,531,830
/wally_138.jpg,488,205
/wally_140.jpg,289,276
/wally_141.jpg,559,548
/wally_142.jpg,297,310
/wally_143.jpg,194,181
/wally_144.jpg,162,95
/wally_146.jpg,490,345
/wally_147.jpg,522,793
/wally_148.jpg,516,269
