wally_000.jpg,554,572
wally_001.jpg,722,470
wally_002.jpg,142,911
wally_003.jpg,464,910
wally_006.jpg,418,546
wally_007.jpg,209,534
wally_008.jpg,510,264
wally_009.jpg,643,478
wally_011.jpg,472,463
wally_012.jpg,103,173
wally_013.jpg,770,386
wally_014.jpg,260,389
wally_015.jpg,276,618
wally_017.jpg,339,661
wally_018.jpg,490,732
wally_019.jpg,236,222
wally_020.jpg,192,115
wally_022.jpg,469,827
wally_023.jpg,375,495
wally_024.jpg,599,357
wally_026.jpg,357,755
wally_027.jpg,657,82
wally_028.jpg,272,407
wally_029.jpg,595,582
wally_030.jpg,707,407
wally_031.jpg,206,188
wally_032.jpg,258,514
wally_033.jpg,442,341
wally_034.jpg,99,249
wally_035.jpg,728,385
wally_036.jpg,754,696
wally_037.jpg,565,713
wally_038.jpg,704,894
wally_039.jpg,415,758
wally_040.jpg,752,829
wally_042.jpg,588,497
wally_043.jpg,226,515
wally_044.jpg,258,136
wally_045.jpg,101,288
wally_046.jpg,792,572
wally_047.jpg,529,678
wally_048.jpg,195,483
wally_049.jpg,617,297
wally_050.jpg,599,714
wally_052.jpg,179,891
wally_053.jpg,328,102
wally_054.jpg,713,427
wally_055.jpg,584,217
wally_056.jpg,891,585
wally_059.jpg,402,555
wally_060.jpg,601,689
wally_061.jpg,468,561
wally_064.jpg,226,387
wally_065.jpg,592,470
wally_066.jpg,638,514
wally_067.jpg,511,240
wally_068.jpg,899,764
wally_069.jpg,474,313
wally_072.jpg,514,540
wally_073.jpg,168,100
wally_074.jpg,120,441
wally_075.jpg,888,180
wally_077.jpg,246,334
wally_080.jpg,769,882
wally_081.jpg,493,358
wally_082.jpg,736,257
wally_083.jpg,312,278
wally_085.jpg,789,785
wally_086.jpg,494,496
wally_087.jpg,519,498
wally_088.jpg,526,707
wally_089.jpg,496,384
wally_090.jpg,312,405
wally_091.jpg,207,870
wally_092.jpg,380,128
wally_093.jpg,437,230
wally_094.jpg,312,239
wally_095.jpg,506,342
wally_096.jpg,578,201
wally_097.jpg,579,283
wally_098.jpg,778,130
wally_099.jpg,400,357
wally_100.jpg,476,615
wally_101.jpg,602,863
wally_102.jpg,385,210
wally_104.jpg,284,302
wally_106.jpg,580,196
wally_107.jpg,298,308
wally_108.jpg,276,559
wally_110.jpg,366,664
wally_113.jpg,515,343
wally_115.jpg,395,493
wally_116.jpg,681,445
wally_117.jpg,697,511
wally_119.jpg,290,769
wally_120.jpg,711,574
wally_121.jpg,308,514
wally_122.jpg,421,819
wally_123.jpg,459,290
wally_124.jpg,482,173
wally_125.jpg,406,554
wally_126.jpg,271,820
wally_127.jpg,181,886
wally_129.jpg,594,338
wally_131.jpg,827,236
wally_132.jpg,533,485
wally_133.jpg,421,704
wally_134.jpg,520,647
wally_135.jpg,384,740
wally_136.jpg,372,842
wally_137.jpg,536,827
wally_138.jpg,482,192
wally_140.jpg,288,279
wally_141.jpg,540,492
wally_142.jpg,300,312
wally_143.jpg,191,176
wally_144.jpg,162,98
wally_146.jpg,486,337
wally_147.jpg,525,785
wally_148.jpg,505,262
