wally_051.jpg,272,409
wally_005.jpg,168,416
wally_071.jpg,497,256
wally_021.jpg,821,687
wally_057.jpg,353,360
wally_070.jpg,294,165
wally_076.jpg,741,178
wally_058.jpg,395,283
wally_130.jpg,489,310
wally_109.jpg,428,801
wally_105.jpg,630,345
wally_025.jpg,718,253
wally_084.jpg,398,491
wally_016.jpg,419,474
wally_062.jpg,129,203
wally_114.jpg,764,605
wally_139.jpg,545,506
wally_145.jpg,662,485
wally_078.jpg,296,412
wally_118.jpg,225,408
wally_079.jpg,763,712
wally_063.jpg,,
wally_010.jpg,617,524
wally_112.jpg,107,833
wally_041.jpg,117,534
wally_103.jpg,112,177
wally_149.jpg,612,248
wally_128.jpg,156,92
wally_004.jpg,819,857
wally_111.jpg,511,236
